hour,amount,transactions,new_device,failed_logins,label
1,172058.5015583341,28,0,4,anomaly
9,3370.4278422913376,3,0,0,normal
19,4912.0692983739455,5,0,1,normal
14,206.73978872884445,7,0,1,normal
11,2563.270436157174,2,0,0,normal
4,65822.51411915536,33,1,5,anomaly
17,4482.715734420388,4,0,1,normal
12,226.62853894554763,4,0,1,normal
20,2482.5016678689303,4,1,0,normal
19,4340.912289654911,6,0,1,normal
13,1691.6458503921187,8,0,0,normal
21,4032.9443861673763,6,0,0,normal
16,2427.7696961031966,3,0,0,normal
19,750.2325728008234,4,0,1,normal
13,4350.78284669002,9,0,1,normal
18,1168.7413487826184,2,0,0,normal
21,940.3269280998301,8,0,0,normal
12,162.95598600697227,5,0,0,normal
16,1356.0505614697781,1,0,0,normal
13,692.7249682856174,4,0,1,normal
11,2099.664919211445,9,0,1,normal
20,4660.820246494987,8,1,0,normal
15,3984.72108197112,1,0,0,normal
10,3820.3929128572063,9,0,1,normal
15,3346.5296674229107,4,0,0,normal
11,3752.302747291897,5,0,0,normal
10,2412.796534047625,5,0,1,normal
10,1342.4710681454123,7,0,1,normal
11,4922.166881710725,3,0,0,normal
12,3162.749499813175,4,0,1,normal
13,1450.5817464857923,4,0,0,normal
21,2040.4707240071243,5,0,0,normal
14,1968.5428464693573,2,0,0,normal
12,4681.699108756012,6,0,0,normal
16,101.769475971859,7,0,0,normal
17,3088.4653226949536,8,0,1,normal
12,2714.085727418007,2,0,0,normal
19,607.6130377780636,8,0,0,normal
14,1032.8716341249467,2,0,0,normal
17,1993.9960458343435,3,0,0,normal
3,51934.62046842882,41,1,8,anomaly
9,1296.9351069542497,4,0,1,normal
0,116455.05595064291,41,1,6,anomaly
11,1296.8595503116794,5,0,0,normal
9,2434.500078339765,6,0,0,normal
10,1479.3841401141692,6,0,1,normal
15,3171.056316932475,6,1,1,normal
19,869.8761572961329,4,0,0,normal
21,1391.6194642545465,8,0,1,normal
11,2001.02349231195,9,0,1,normal
14,4475.135113742032,8,0,1,normal
4,159533.2576635874,40,1,8,anomaly
21,2775.3482325538093,1,0,1,normal
10,4084.8312029631697,3,0,0,normal
3,121773.66051607838,44,1,7,anomaly
9,4089.04337307482,7,0,0,normal
18,3904.8223210668707,2,0,1,normal
2,112223.84832820279,27,1,7,anomaly
4,101197.79689250782,39,1,7,anomaly
8,3328.5330059858147,7,0,0,normal
16,529.5018241030235,2,0,0,normal
15,826.6431548998655,4,0,1,normal
18,916.1726068391141,7,0,0,normal
17,1786.9226622302529,6,0,1,normal
21,3740.570807079493,9,0,0,normal
8,3123.058030136099,3,0,0,normal
12,1850.8790614531642,6,0,0,normal
12,4720.8561050362005,4,0,0,normal
8,4049.4852128771417,1,0,1,normal
9,2112.57144136258,9,0,0,normal
19,2235.568807060199,8,0,0,normal
18,3410.698583897407,2,0,0,normal
0,160154.85147383276,43,0,7,anomaly
12,193.0491824240835,2,0,0,normal
11,2938.337178924187,4,0,1,normal
8,4034.7401278286343,1,1,1,normal
14,4470.523989424279,7,0,1,normal
14,3569.6144335639165,1,0,1,normal
10,3240.898823631469,6,0,1,normal
17,4933.284313564646,1,0,1,normal
3,125889.74814793377,42,0,3,anomaly
8,2534.384507633485,5,0,1,normal
13,2266.473151134342,1,0,1,normal
19,1407.0956773648181,3,0,0,normal
12,4312.016810154599,1,0,1,normal
1,183557.6481282899,36,1,8,anomaly
3,132330.92023138996,31,1,9,anomaly
19,4533.295833713089,3,0,1,normal
4,60409.11288562751,45,1,6,anomaly
19,3543.778722339955,5,0,0,normal
12,843.4993909994554,2,0,1,normal
8,3484.4809916319173,1,0,1,normal
11,3879.8828073081027,5,0,1,normal
15,1921.8612559649923,4,0,0,normal
4,62239.80800072575,37,1,8,anomaly
20,3807.5097148055643,8,0,1,normal
8,3483.142884088423,3,0,1,normal
13,38.73571588562663,9,0,0,normal
16,784.6488271942554,8,0,1,normal
15,2910.378724898835,6,1,1,normal
11,801.4394754124378,4,0,1,normal
16,1750.8526500495466,1,0,0,normal
17,4075.977317595096,9,0,1,normal
11,646.6257109498632,1,0,0,normal
20,4655.433990579819,9,0,1,normal
17,4088.3158721128434,7,0,0,normal
3,180928.9132348497,46,1,5,anomaly
16,2727.0005988246394,6,0,0,normal
1,199662.4083515301,34,1,4,anomaly
8,4066.7988361933067,2,0,1,normal
10,64.86918500581758,4,1,0,normal
16,3292.6480699691497,4,0,1,normal
13,829.6863316756547,9,0,1,normal
11,2124.4538857073267,5,0,1,normal
10,4358.9686627003575,4,0,0,normal
4,191888.69660481298,45,1,9,anomaly
8,283.26057772193633,9,0,1,normal
10,3329.3341312740386,4,0,0,normal
18,311.1568991129134,3,0,0,normal
18,3814.668841846046,6,0,1,normal
10,3793.609993763416,1,0,0,normal
9,3813.8028225353128,9,0,1,normal
3,189328.93247683483,30,1,8,anomaly
1,134861.7425919934,28,1,4,anomaly
11,2179.7884196326936,4,0,1,normal
1,110219.26686335649,26,1,7,anomaly
17,142.39569733036038,1,0,1,normal
18,1689.6553481876638,5,0,0,normal
10,3004.1025351153257,3,0,0,normal
10,2448.3295201192823,1,0,1,normal
17,2515.9531015529005,1,0,0,normal
2,164979.09743324408,38,1,8,anomaly
11,108.35558339427713,8,0,1,normal
12,4628.586879404814,8,0,0,normal
3,98529.56187282373,25,1,4,anomaly
19,4867.709956195211,6,0,1,normal
10,3405.691517352818,7,0,1,normal
16,4695.947815579352,4,0,0,normal
9,3083.1573090296997,5,0,1,normal
12,4318.034911363408,7,0,1,normal
4,136773.8762343995,46,1,9,anomaly
10,3793.7333476858225,3,0,1,normal
21,2836.3591550815167,8,0,1,normal
19,2136.644698157505,4,0,1,normal
12,2318.4885541291883,9,0,1,normal
21,1987.247674324267,8,0,0,normal
11,672.2516126748711,7,0,0,normal
15,4344.429608098498,9,0,1,normal
13,4906.119028356843,1,0,0,normal
11,1760.0519591040336,2,1,0,normal
3,124993.84879471826,37,1,5,anomaly
15,506.2125498691324,8,0,0,normal
11,269.33670542084735,4,0,1,normal
21,1735.023007584558,5,0,1,normal
17,2672.6767081671237,6,0,1,normal
10,4247.486301310943,8,0,1,normal
16,915.3628210980886,8,0,1,normal
8,2496.8551859700037,3,0,1,normal
2,137834.55931899528,40,0,5,anomaly
11,1163.0632349744762,5,1,0,normal
4,131044.91101422496,49,1,7,anomaly
10,2401.1175693723576,5,0,1,normal
4,140136.8008488629,26,1,8,anomaly
21,751.8270114880337,3,0,0,normal
18,2009.8076737678766,1,0,1,normal
16,3869.6308971761373,4,0,1,normal
11,875.1342405208266,1,0,0,normal
10,3259.6525554370455,2,0,1,normal
13,857.0919463868283,6,0,1,normal
17,2309.286052483302,3,0,1,normal
18,1005.7168301364342,8,0,0,normal
14,1543.37692498217,8,0,1,normal
16,1991.9458127960895,8,0,1,normal
11,3223.557720762689,1,0,0,normal
21,1992.4635798962327,6,0,0,normal
8,3419.4612306613835,2,0,0,normal
8,3142.263184826375,9,0,1,normal
0,142045.68544840757,24,1,9,anomaly
13,3032.8163485908667,8,0,1,normal
14,1061.2043231382763,1,0,1,normal
16,3185.786945222747,7,0,1,normal
12,843.5391204257398,7,0,1,normal
21,1266.4773039456943,6,0,0,normal
1,50166.81412942811,26,1,7,anomaly
20,1872.8134882359673,2,0,1,normal
21,848.3908966468684,4,0,0,normal
21,1175.7026777390506,6,0,0,normal
10,2930.9182783397932,8,0,0,normal
20,3663.8021831837104,3,0,1,normal
13,3933.8616219336045,4,1,0,normal
19,3322.3845928328074,9,0,0,normal
16,2404.8947852384463,2,0,1,normal
14,3170.6702630404616,2,0,0,normal
16,2541.1016953550784,1,0,0,normal
16,1705.97606920265,6,0,1,normal
20,646.1684250365922,7,0,1,normal
16,2665.2462914739253,7,0,0,normal
12,4090.992738713358,2,0,1,normal
19,2937.176231245616,6,0,0,normal
13,2980.9712364270185,5,0,1,normal
10,4847.367488453085,6,0,0,normal
17,609.8431862993361,3,0,1,normal
16,1157.4734833965201,2,0,0,normal
9,1563.4254187884583,8,0,0,normal
13,3297.8384964609595,4,0,1,normal
18,100.36981726599414,5,0,0,normal
18,3118.603251981779,5,0,0,normal
10,2593.38110048971,9,0,0,normal
16,1759.628386733812,5,0,0,normal
1,68832.46848477157,29,1,9,anomaly
4,74399.12226582278,41,1,5,anomaly
17,3161.4854982616775,9,0,1,normal
8,4097.320565194257,7,0,0,normal
14,4393.792650893726,1,0,0,normal
17,3043.4464130392885,5,0,1,normal
14,3164.9987967184566,8,0,1,normal
8,3854.333014860888,1,0,0,normal
17,33.113794792968264,1,0,1,normal
8,1010.6183862346802,3,0,0,normal
20,414.4206173791632,6,0,1,normal
1,104723.3705311698,46,1,4,anomaly
21,543.3158462427717,3,0,0,normal
0,99795.72571037682,46,1,5,anomaly
9,4200.907901304934,3,0,0,normal
18,4310.310248857451,9,0,0,normal
11,2568.3156699723777,4,0,1,normal
15,3716.1055407879053,4,0,0,normal
21,1821.780659029189,5,0,0,normal
16,3684.856735767367,4,0,0,normal
9,238.25274872443913,2,0,1,normal
8,1715.668584972401,1,1,0,normal
10,680.7292379254815,3,0,0,normal
0,113959.75352024338,35,0,6,anomaly
9,3276.0109592628646,5,0,0,normal
12,2755.6304453597463,2,0,1,normal
15,2599.3993493613593,4,0,1,normal
19,478.56457178919777,7,0,1,normal
17,466.5193186147968,5,0,1,normal
4,58784.795792680074,24,1,4,anomaly
16,4723.624955175376,8,0,1,normal
8,4464.431838274105,7,0,1,normal
12,384.93753086168573,5,0,0,normal
21,443.73223755624423,6,0,1,normal
12,3366.28456994338,9,0,0,normal
14,2363.1651808652905,9,0,0,normal
12,4388.529704525598,4,0,1,normal
17,172.30563566134705,3,0,1,normal
14,3021.208480973076,2,0,0,normal
17,1219.927813137301,4,0,0,normal
19,4648.350429796651,4,0,0,normal
21,1990.6471482459644,1,0,0,normal
11,3006.5791335639306,5,0,0,normal
10,4572.35104473689,9,0,1,normal
17,2065.08616159487,6,0,0,normal
20,1086.2190104646088,1,0,1,normal
3,82683.7069440116,20,1,5,anomaly
20,3486.287611145692,1,0,0,normal
19,4955.931444423513,1,0,0,normal
12,75.34133837578484,8,0,0,normal
2,110105.62502517,40,0,7,anomaly
19,4369.64879978983,4,0,1,normal
18,1350.7000233308809,7,0,0,normal
3,119800.5400909229,33,1,6,anomaly
11,2915.0305962796037,7,0,1,normal
11,3885.2182954307914,2,0,1,normal
11,4938.371323042928,6,0,1,normal
9,2048.1815332227866,7,1,1,normal
21,4337.798062789414,3,0,1,normal
8,1948.904925339025,6,0,0,normal
14,1583.2987857747455,3,0,0,normal
8,812.1918812810579,8,0,0,normal
9,370.2700608060875,9,0,0,normal
17,1375.3970647455128,5,0,0,normal
9,568.4789007946621,9,0,1,normal
13,2209.4061072217582,6,0,0,normal
17,417.9775694248708,1,1,0,normal
19,611.9729967919981,4,0,1,normal
16,2960.464424367197,8,0,1,normal
15,4365.999721023278,3,0,1,normal
12,3803.537020849536,9,0,1,normal
3,163020.8165989395,23,1,3,anomaly
19,1017.2487260935123,5,0,0,normal
18,4633.672249555857,6,0,1,normal
11,4222.4105403562935,1,0,1,normal
17,3901.4285218042064,4,0,1,normal
0,185039.61668031057,31,1,6,anomaly
21,4920.048463319543,4,0,0,normal
13,619.3284709100337,8,0,0,normal
10,2114.3874250985427,5,0,1,normal
4,106996.8618448092,42,1,8,anomaly
9,911.0709721853943,1,0,0,normal
0,59216.94351961813,35,1,8,anomaly
8,2452.2305685792708,5,0,0,normal
1,103209.2835095319,38,1,9,anomaly
14,2057.880166678411,9,0,1,normal
8,1736.215612809345,2,0,0,normal
10,1779.564566627475,4,0,1,normal
3,110988.58060392084,49,1,3,anomaly
14,825.9841241992636,5,0,0,normal
1,133469.6956023233,34,0,9,anomaly
10,4670.036337464246,6,0,0,normal
9,1773.5726827205633,6,0,0,normal
14,771.1698241421641,7,0,1,normal
1,81324.6403241885,36,1,4,anomaly
16,3134.839404940763,2,0,0,normal
17,2449.3444354820317,8,0,0,normal
12,1905.1310430943568,1,0,1,normal
12,110.15527691085458,7,1,1,normal
9,1617.1750362600596,9,0,1,normal
15,1187.891812098855,6,0,0,normal
17,4543.168301054806,8,0,1,normal
18,388.55800726223293,7,0,1,normal
13,561.2658245256594,9,0,1,normal
3,74288.45099483206,45,1,7,anomaly
19,2049.583513779501,4,0,1,normal
19,3643.6618934559806,6,0,0,normal
21,2781.2641191787798,5,0,1,normal
4,141070.29213253653,48,1,5,anomaly
16,1465.3962677594232,8,0,1,normal
1,151349.43533106096,48,1,3,anomaly
19,531.7935232686573,6,0,1,normal
2,149573.67122790875,46,1,9,anomaly
11,4845.822124402648,2,0,0,normal
11,1306.4198695101575,3,0,0,normal
3,58554.037100542904,35,1,8,anomaly
14,4125.158019966494,9,0,1,normal
14,3548.211992060073,8,0,1,normal
19,4984.402516711278,8,0,0,normal
12,3548.140845994939,2,0,1,normal
19,4196.101451365211,6,0,1,normal
21,2988.245816095277,5,0,1,normal
20,743.8966698358993,1,1,0,normal
12,2301.0874236289237,7,0,0,normal
15,900.9378636511248,5,0,1,normal
1,110405.55814918403,37,1,8,anomaly
9,2376.3289411207443,4,0,0,normal
12,1008.7497187816024,3,0,1,normal
14,4736.943864662959,5,0,1,normal
3,199335.33507360317,41,1,8,anomaly
19,1400.1657917694736,8,0,1,normal
0,68067.10099948481,32,1,3,anomaly
21,1368.813559331651,7,0,1,normal
19,2160.1287430724115,7,0,1,normal
11,2438.478017709267,2,0,0,normal
12,120.3965221296963,8,0,0,normal
14,4224.301498690002,6,0,0,normal
21,2742.485957007144,6,0,0,normal
15,777.9405726358767,3,0,0,normal
1,133486.76427532302,31,1,8,anomaly
10,3665.534765079149,4,0,1,normal
8,1130.7780664705099,1,0,0,normal
8,2802.6052532280073,8,0,0,normal
13,213.93439516972953,7,0,1,normal
12,2955.5717631488906,5,0,1,normal
19,4360.499203448708,8,0,1,normal
14,1054.6531234501845,3,0,1,normal
16,4152.797124189288,9,0,0,normal
20,4087.1896340369067,3,0,1,normal
19,4273.3816159142,7,0,0,normal
16,1269.6603522766636,6,0,1,normal
11,1110.226183260175,5,0,0,normal
19,2010.248569650563,5,0,0,normal
16,583.0357554486257,2,0,1,normal
10,1872.526440230407,6,0,1,normal
3,177672.61031389725,46,0,8,anomaly
4,131206.16313611573,42,0,6,anomaly
19,2972.026343234703,3,0,0,normal
8,4672.835773759516,7,0,1,normal
9,1243.0451377106308,9,0,0,normal
19,402.1067008035535,4,0,1,normal
15,2484.4199180430664,2,0,1,normal
1,198100.4237869319,39,1,7,anomaly
3,52436.51648141805,45,1,3,anomaly
8,444.0639319579366,9,0,0,normal
20,389.8929888565979,1,0,1,normal
10,4751.684395565804,8,0,0,normal
0,76197.07788444943,34,0,3,anomaly
14,436.68756896379574,5,0,1,normal
8,2322.8352785648563,3,0,0,normal
18,3614.1119899597393,7,0,0,normal
15,2578.938596109154,4,0,0,normal
1,100895.79009643511,27,1,8,anomaly
20,4420.091565967494,5,0,0,normal
16,1037.1476380834736,1,0,1,normal
14,175.68351286891917,4,0,0,normal
8,1641.895476200561,9,0,0,normal
19,544.7883365854825,4,0,1,normal
10,845.738085472758,1,0,0,normal
19,1237.3290646386956,6,0,1,normal
15,2582.8241826104586,9,0,1,normal
15,1735.956454195254,9,0,0,normal
11,122.12184851738581,3,0,1,normal
12,2905.060122444388,9,0,1,normal
15,1033.6468060052157,4,0,0,normal
20,1811.2597457307338,5,0,0,normal
4,66206.68390646107,42,1,5,anomaly
21,2633.1940096904023,6,1,1,normal
12,4587.394741556592,4,0,0,normal
8,595.3678629223484,3,0,0,normal
15,298.6349560513479,5,0,0,normal
14,2649.396298795788,6,0,1,normal
4,69981.4886204943,45,1,3,anomaly
21,3104.1630520832823,4,0,1,normal
1,150876.0894010474,31,1,7,anomaly
12,3464.4600569440836,6,0,0,normal
17,4647.586185746653,2,0,1,normal
13,1040.04214608541,1,0,0,normal
18,4605.000994260688,1,0,1,normal
19,2802.646930599701,6,0,0,normal
19,1624.8149935562108,6,0,1,normal
12,2542.263991466573,9,0,1,normal
21,3141.252261459667,9,0,1,normal
11,2407.7296668165664,4,0,0,normal
9,2100.437993027694,5,0,0,normal
11,3995.9283465105905,7,0,1,normal
15,4718.643441636318,7,0,0,normal
14,2052.9641444342897,8,0,1,normal
16,3856.9000047738195,9,0,1,normal
17,2758.778279339605,2,0,0,normal
17,1157.7440980656381,4,0,0,normal
12,2671.9708489618442,4,0,1,normal
17,2982.2373156331428,2,0,1,normal
1,106675.882059078,22,1,9,anomaly
8,3094.597114247414,4,0,0,normal
21,3766.05603139263,4,0,1,normal
15,2163.9811356861,8,0,0,normal
13,4342.679801987819,9,0,1,normal
16,2224.31359432981,7,1,1,normal
9,3255.125174871215,1,0,0,normal
8,452.6256434477075,1,0,1,normal
12,2904.630177110678,2,0,1,normal
12,1890.952702830289,5,0,1,normal
11,1674.1608667388095,2,0,1,normal
14,3362.7447905576546,4,0,0,normal
10,1493.7715467890284,6,0,1,normal
15,4343.655199730585,2,0,0,normal
21,1304.5229328221494,9,0,1,normal
12,337.8861107474783,5,1,1,normal
15,516.0899339615904,9,0,0,normal
21,4484.859468885861,7,1,1,normal
17,3955.708592546428,3,0,0,normal
2,151944.97735927155,37,1,3,anomaly
8,1986.9017311301843,3,0,0,normal
14,2495.9966251011633,6,0,0,normal
20,1224.9766599157333,3,0,1,normal
9,348.5069249348078,4,0,1,normal
11,4355.042007349832,9,0,0,normal
20,3598.8168735785966,4,0,0,normal
19,1558.7061750286332,5,0,1,normal
17,1892.647973892067,9,0,1,normal
21,4546.072278121548,1,0,0,normal
20,3660.631713559106,3,0,1,normal
10,1745.5679474319434,2,0,1,normal
4,129780.76497575248,40,1,7,anomaly
2,154013.31920844637,45,1,6,anomaly
10,3582.7014219485136,9,0,0,normal
8,3690.1312280676443,6,0,0,normal
13,3583.591864373736,7,0,0,normal
4,63481.5277604241,35,0,9,anomaly
14,3267.203078180855,2,0,1,normal
9,4639.483893144113,3,0,1,normal
21,4361.898305631315,4,0,1,normal
18,1234.2920573097915,5,0,0,normal
10,575.0578487453687,9,0,1,normal
20,1298.0858291786265,4,0,1,normal
8,3838.269561766323,3,0,1,normal
19,448.4538307327184,5,0,1,normal
10,1117.6410880454177,2,0,1,normal
0,177493.8995754808,31,1,3,anomaly
3,95861.59361709366,30,0,5,anomaly
20,2133.211738895896,8,0,0,normal
16,1195.3452130628941,2,0,1,normal
3,119927.23866913354,46,1,9,anomaly
19,1996.861781018807,8,0,1,normal
17,4981.706241123142,1,0,1,normal
14,41.86549986699956,8,0,1,normal
14,4453.731130892076,4,1,0,normal
17,940.9694500160158,2,0,1,normal
14,656.2794572011928,7,0,0,normal
20,1827.7066066298964,8,0,1,normal
17,159.568213464663,9,0,0,normal
8,3490.382593729725,7,0,1,normal
15,4622.737014928886,1,0,0,normal
13,179.39043314313622,1,0,1,normal
18,890.1710626660544,8,0,0,normal
19,3602.982317364911,7,1,1,normal
13,3989.155847818571,8,0,0,normal
20,1251.0842202122733,9,0,1,normal
17,155.94394234245013,8,0,1,normal
20,2886.8172128161254,8,0,1,normal
21,1632.6984204812275,3,0,0,normal
8,2690.1616436745535,5,0,1,normal
13,3233.12703424469,4,0,1,normal
17,1126.8498979648891,9,0,0,normal
9,1426.041769935635,9,0,0,normal
9,2985.386693625445,9,0,1,normal
2,146144.82921481365,29,1,9,anomaly
8,1511.808199064613,5,0,1,normal
4,137260.49711317802,34,1,6,anomaly
4,108308.952181482,20,1,5,anomaly
17,409.77308345952895,8,0,0,normal
11,1113.8351146798152,4,0,1,normal
21,1869.7156998914468,6,0,1,normal
2,64496.72514316284,34,1,9,anomaly
4,50004.60782680736,20,1,4,anomaly
15,2131.815387301475,2,1,1,normal
9,562.0523674064841,4,0,1,normal
13,336.12814058672245,1,0,0,normal
14,1682.243082753118,4,0,1,normal
20,1298.6394976118022,3,0,0,normal
8,4001.581266012215,6,0,0,normal
12,1848.9464551815681,4,0,1,normal
12,2486.8675735341694,6,1,0,normal
0,139284.45990791023,20,1,5,anomaly
1,145056.73996482935,45,1,4,anomaly
0,110304.0825332361,24,1,4,anomaly
15,4847.657462044091,9,0,1,normal
10,4081.0072937031828,9,0,0,normal
17,2710.92022759379,2,1,1,normal
9,2667.7601596105656,6,0,1,normal
18,961.5317261116962,3,0,0,normal
4,147468.20701464493,37,1,8,anomaly
15,632.0667792043016,5,0,0,normal
11,2830.014586110153,3,0,1,normal
19,3657.0287012661847,3,0,0,normal
1,62904.82355494148,46,1,9,anomaly
16,4501.093022822044,3,1,0,normal
20,2542.9757896354304,1,0,1,normal
19,2232.0732224633007,3,0,0,normal
21,2691.6040586602353,5,0,1,normal
3,87631.86498360503,25,1,7,anomaly
10,1650.470535334666,9,0,1,normal
21,4855.580643375185,1,0,0,normal
8,4192.19529534407,3,0,0,normal
10,1952.5851140694629,9,0,0,normal
19,2630.5652844986303,3,0,0,normal
15,393.99647612975366,3,0,0,normal
0,58532.20966664699,22,1,5,anomaly
15,630.2431451928682,4,1,1,normal
17,2144.587937341953,8,0,0,normal
3,92681.20785154006,43,1,9,anomaly
14,2689.5023702381336,9,0,1,normal
14,4699.762296831241,5,0,0,normal
3,137681.46698891872,48,1,4,anomaly
2,101409.63881418607,27,1,7,anomaly
12,4405.545088402653,6,0,1,normal
4,132854.92067258514,31,1,3,anomaly
14,4900.36255067453,9,0,0,normal
16,3295.6746549455434,8,0,1,normal
12,206.32426793586313,4,0,0,normal
15,4176.301881628503,8,1,1,normal
11,2919.377389238764,5,0,1,normal
18,721.052759078551,7,0,0,normal
18,3684.6460551775463,6,0,1,normal
8,712.8765316952013,7,0,0,normal
9,4997.074491595627,1,0,0,normal
10,4030.2940632207656,6,0,1,normal
3,100712.66140493921,25,1,7,anomaly
8,3991.0901078045863,2,0,1,normal
14,1757.1250432419831,5,0,1,normal
19,663.0595669845657,7,0,1,normal
16,4356.135927492967,3,0,0,normal
2,128820.54610338398,21,1,4,anomaly
1,155260.74108158858,45,1,5,anomaly
8,3530.8201108532853,1,0,1,normal
17,877.7372936052416,5,1,1,normal
10,1370.3937636603334,4,0,1,normal
13,2885.678917232398,5,0,0,normal
0,90793.18390972979,48,1,9,anomaly
14,2921.125055882941,7,0,0,normal
9,3729.7429761798066,8,0,0,normal
14,341.8163741602197,6,0,0,normal
21,4091.65545035412,1,0,0,normal
11,3515.3002030150788,9,0,1,normal
11,3720.106198895123,9,0,0,normal
10,4051.273484814628,2,0,0,normal
13,4368.381958027486,5,0,0,normal
8,541.9252831375213,7,0,1,normal
18,1290.248290669805,1,0,0,normal
13,456.160901538175,8,0,1,normal
12,2490.9020724020525,5,0,0,normal
11,1099.0869004466701,6,0,0,normal
10,2842.028832825175,9,0,0,normal
13,2442.281679265073,2,0,1,normal
8,423.16535294638106,9,0,1,normal
14,4313.1949066462585,7,1,0,normal
10,866.6796363830344,3,0,1,normal
4,171488.66304543492,24,1,4,anomaly
19,116.13436014343182,5,0,1,normal
16,2897.590288776243,7,0,1,normal
20,3950.595550640971,4,0,0,normal
17,1925.617194652325,9,0,1,normal
15,4721.889780676035,6,0,1,normal
19,2410.889108255539,7,0,0,normal
12,1907.1761377414268,7,0,0,normal
19,4974.590035005712,7,0,0,normal
9,517.8945383758146,1,0,0,normal
1,59305.51454431723,27,1,6,anomaly
11,3972.185694458777,1,0,1,normal
1,187590.2099866521,23,1,3,anomaly
17,4315.35741694071,9,1,1,normal
14,4600.079525899675,7,0,0,normal
19,1644.2117873677942,1,0,1,normal
15,4949.901559625827,2,0,1,normal
18,136.67791474512086,4,0,0,normal
4,184690.29401656054,42,1,4,anomaly
19,1047.3524131786764,3,0,0,normal
2,136532.18019668126,26,1,3,anomaly
13,99.19093431973491,3,0,0,normal
20,935.7723233585746,3,0,1,normal
8,1144.0754400431258,3,0,1,normal
16,1443.3225683538678,5,1,0,normal
18,3124.5030501671786,8,0,1,normal
8,3408.778091285264,1,1,1,normal
8,2201.28319376539,3,0,1,normal
12,893.2823165409666,5,1,0,normal
19,4714.231552934277,6,0,1,normal
10,4385.06052744113,7,1,1,normal
3,159537.37842943566,23,1,4,anomaly
14,2518.574746561471,2,0,1,normal
4,159340.88001577358,49,0,9,anomaly
17,2722.3287769588032,7,0,0,normal
14,3042.606606445507,8,0,1,normal
21,2840.887975948229,1,0,0,normal
16,533.6015903066926,1,0,1,normal
9,3690.5356849285686,4,0,0,normal
20,3398.720572531003,7,0,1,normal
13,1148.118062025173,2,0,1,normal
12,653.0606386924916,6,0,1,normal
8,2259.6884633066193,3,0,1,normal
16,2315.408960184222,1,1,1,normal
21,310.73427754490865,9,0,1,normal
10,1618.5456864238677,3,0,1,normal
2,190209.48732324515,34,1,3,anomaly
14,3573.2937913408146,3,0,1,normal
21,986.932148560895,9,0,0,normal
14,3945.1000840104084,8,0,0,normal
19,4605.153278653748,5,0,1,normal
12,862.7290610764285,7,0,1,normal
18,217.44856666145657,8,0,0,normal
19,3393.300601269727,2,0,0,normal
20,2104.4393114613504,5,0,1,normal
2,160122.68885624694,37,1,6,anomaly
2,148715.3327084738,39,1,4,anomaly
15,2015.6352589101184,1,0,0,normal
14,1600.574989631029,3,0,1,normal
21,969.5222038552672,6,0,1,normal
17,3261.8174586256664,9,0,0,normal
10,634.6771030907267,4,0,0,normal
8,918.7683992866095,3,0,0,normal
13,486.7212160349942,5,0,1,normal
9,1377.535551229158,8,1,0,normal
8,294.8634118856811,3,0,0,normal
2,64162.834649072145,41,1,3,anomaly
14,244.36017420752466,6,0,1,normal
9,1602.3113614838455,7,0,0,normal
13,2907.1358678874367,5,0,0,normal
16,4874.217879112448,9,1,1,normal
14,4422.190252108555,1,0,1,normal
17,4578.286604964329,4,0,0,normal
13,2385.4915069735075,3,0,1,normal
10,3221.4526990306595,9,0,1,normal
10,593.3212231347367,3,0,1,normal
10,917.5816211517326,9,0,0,normal
8,1764.5972093257758,8,0,1,normal
8,4849.4070149419385,7,0,0,normal
17,1442.3202845428148,3,0,0,normal
21,2242.5877104490387,8,0,0,normal
12,435.8948437124329,3,0,1,normal
0,173010.1253083474,42,1,7,anomaly
14,1057.428909546973,8,0,0,normal
8,4683.662404551857,3,0,0,normal
9,3260.5877378758023,5,0,0,normal
9,1975.3833842142508,2,0,0,normal
0,94389.80441549243,46,1,6,anomaly
19,3337.652645155061,5,0,0,normal
12,4004.9276285543233,2,0,1,normal
20,3536.8183122583746,8,0,0,normal
19,4778.700976166469,7,1,1,normal
19,2857.3426357277604,5,0,1,normal
15,2026.6602050386546,3,0,0,normal
17,194.66809723030818,5,0,1,normal
21,1492.6373609596433,6,0,0,normal
16,3087.085069458483,8,0,1,normal
18,1838.6430590082755,7,0,0,normal
13,915.3773550011784,4,0,1,normal
8,2991.0913798298384,9,0,1,normal
10,3445.127958174403,9,0,1,normal
15,3947.964480650618,3,0,1,normal
3,137838.15258089188,26,1,6,anomaly
15,1546.5704085400428,1,1,0,normal
17,4938.7347247827975,7,0,0,normal
8,47.73874614092918,5,0,1,normal
18,346.0795013291708,8,0,0,normal
19,3849.7697366277653,6,0,1,normal
19,3476.5353895635894,4,0,0,normal
11,2704.527044782119,7,0,0,normal
10,3807.5292334851197,9,0,1,normal
20,1193.7616907626125,7,0,1,normal
4,155316.1181170689,29,0,9,anomaly
20,220.0450162854458,7,0,0,normal
8,3419.4076611653327,8,0,0,normal
13,2600.218107829728,5,0,0,normal
14,3686.999987271469,2,0,0,normal
18,1208.3266377031835,3,0,0,normal
13,3321.7191151596144,5,0,0,normal
13,3296.9517997493717,8,0,1,normal
13,1306.1713809640278,1,0,0,normal
21,314.7790196757701,5,0,1,normal
14,1513.875592079069,2,0,0,normal
8,3999.0852360552067,7,0,1,normal
19,3544.7312538080237,3,0,1,normal
8,3321.0514863633857,9,0,0,normal
8,1961.496867892286,3,0,1,normal
16,933.813314904712,2,0,1,normal
14,67.98649414142217,1,0,1,normal
21,1335.3442125176432,9,0,0,normal
1,131651.73314514814,47,1,8,anomaly
12,4605.030760600277,5,0,0,normal
8,2281.548543918188,3,0,0,normal
3,187759.6313122337,24,1,3,anomaly
2,147235.0203211769,22,1,5,anomaly
2,154674.9178257755,31,0,6,anomaly
2,168828.67922025142,49,1,5,anomaly
15,2267.67318550214,1,0,1,normal
19,1904.6651167546618,2,0,0,normal
11,767.9944406263488,3,0,1,normal
13,3341.2909939622878,7,0,0,normal
10,74.87959831857282,4,0,1,normal
15,1715.9421085330437,5,0,1,normal
3,174727.74996683354,38,1,9,anomaly
17,3668.233981852252,9,0,1,normal
16,4661.270229593226,1,0,1,normal
11,1681.1790171388598,3,0,1,normal
21,2627.311833955571,2,0,0,normal
20,890.8748797074862,7,0,0,normal
15,3341.1131152199255,3,0,0,normal
13,705.3868096233924,1,1,1,normal
20,4010.6231345182614,4,0,0,normal
3,97285.91519741762,24,0,5,anomaly
3,79436.85750592485,25,0,5,anomaly
15,4686.770151309891,8,0,1,normal
1,54177.83612316116,47,1,8,anomaly
16,2764.7154324513813,7,0,1,normal
21,3297.32899988648,3,0,0,normal
9,618.2116057513683,8,0,0,normal
8,2935.2868617638183,5,0,1,normal
19,3614.040316281401,5,0,0,normal
18,2183.5607409165355,3,0,0,normal
19,3101.2568265879763,9,0,0,normal
9,811.8000525651828,4,0,1,normal
18,1629.6832912023488,9,0,1,normal
11,1065.1255549127577,7,0,1,normal
9,4355.059717182923,3,0,1,normal
15,2828.557254980456,3,0,0,normal
21,3477.9596117714473,8,1,1,normal
13,2858.1837402978704,6,0,1,normal
19,1255.8433642073378,6,0,0,normal
20,4857.261519267781,1,0,0,normal
10,3978.383886180852,5,0,0,normal
10,2497.226572655996,8,0,1,normal
2,149275.1877670997,45,1,4,anomaly
21,3096.8707772937696,4,0,0,normal
17,3490.127133561731,9,0,0,normal
20,4933.446340403061,7,0,0,normal
20,1249.960807674184,7,0,0,normal
9,2078.9743773978485,8,0,1,normal
17,4924.357582822049,4,0,1,normal
10,4920.576511304483,6,0,0,normal
4,195398.27184262683,38,1,8,anomaly
12,1108.7141777295585,6,0,0,normal
20,2132.9278286959197,4,0,0,normal
20,2262.4212514050805,6,0,1,normal
3,124719.49153220636,28,1,9,anomaly
17,4879.567626537465,7,0,0,normal
15,3070.9228321614314,4,0,1,normal
15,2235.054504819974,8,0,0,normal
19,2965.8281396808775,5,0,0,normal
1,52052.36221410216,44,1,5,anomaly
13,34.65050486270398,5,0,1,normal
15,2667.6212684324137,4,0,0,normal
16,1625.159389657176,5,0,1,normal
15,131.75989996712474,1,0,0,normal
12,2267.068239746318,6,0,1,normal
16,3341.0739974644375,5,0,0,normal
9,4477.0821200591245,3,0,1,normal
17,543.8333877465225,7,0,0,normal
13,4562.693094627288,3,0,0,normal
16,4815.005107435523,6,1,0,normal
10,4471.555026358881,4,0,1,normal
8,4041.1512502868804,2,0,0,normal
13,3344.381864789531,1,0,0,normal
12,4328.880558210962,1,0,0,normal
18,4985.651255786978,5,1,1,normal
9,4150.411600498936,3,0,0,normal
8,898.3994746800596,7,0,1,normal
9,2052.576691512065,9,0,1,normal
19,930.7598865883228,2,0,0,normal
8,4001.277727177103,4,0,1,normal
13,1861.4834272931676,9,0,1,normal
19,4108.0739503133445,5,0,1,normal
16,569.0741218185813,2,0,1,normal
15,2465.6603024668957,5,0,1,normal
19,3108.3684336597107,8,0,0,normal
9,4114.845449383255,5,0,0,normal
10,2318.048233504408,2,0,0,normal
19,1818.3455565919992,7,0,1,normal
4,152328.7533882648,25,1,9,anomaly
16,2844.0467004576212,2,0,0,normal
8,2422.8927771324243,5,0,1,normal
19,4504.50230141618,5,0,0,normal
14,1587.618963833985,1,0,0,normal
20,371.5099700948488,4,0,1,normal
10,145.2090025923826,7,1,1,normal
16,2186.2713803852303,7,0,0,normal
19,4849.86111007528,7,0,1,normal
9,1198.5320774231654,1,0,1,normal
14,3708.1920399573946,9,0,0,normal
8,780.2699492182695,3,0,1,normal
4,156820.55688209075,29,1,6,anomaly
20,4254.4028281802675,6,0,0,normal
8,4302.010761974131,7,0,1,normal
18,4841.285205294462,6,1,0,normal
10,3095.091309936177,6,0,0,normal
18,167.61486267995377,8,0,1,normal
21,2466.4665036756937,8,0,0,normal
8,2712.754731157726,8,0,1,normal
3,163438.06871336515,22,1,7,anomaly
14,4154.790844860769,1,0,1,normal
10,4431.0289636985735,5,0,0,normal
17,1378.3338597198635,1,0,1,normal
13,1082.5524891678763,4,0,1,normal
0,118127.5494105059,25,1,8,anomaly
12,3593.434150370207,4,0,1,normal
9,3343.744831487524,9,0,0,normal
13,1734.8797437860774,1,1,0,normal
15,330.4025960049191,9,0,1,normal
16,3455.070194860533,6,0,1,normal
20,3089.55348315411,1,0,1,normal
17,4750.306307911625,9,0,0,normal
13,846.4198892787051,6,0,1,normal
4,127169.19916098412,41,1,7,anomaly
19,3856.8518966916513,8,0,1,normal
8,376.7487691767632,3,0,1,normal
19,1129.9584534649366,5,0,1,normal
15,1149.9891592431807,8,0,0,normal
4,193644.74694088817,26,1,5,anomaly
15,4886.099179264374,2,0,0,normal
18,3143.2229435596296,4,0,1,normal
20,3124.9475996108204,9,0,1,normal
21,1682.6342358130455,1,0,1,normal
19,3287.115956061048,9,0,1,normal
2,181042.77931058232,31,1,9,anomaly
3,64244.79128425648,49,1,8,anomaly
20,1391.3707082029073,4,0,1,normal
0,140271.0100918171,26,0,7,anomaly
19,2094.6562430149957,6,0,1,normal
19,1016.1203270382453,2,0,1,normal
20,826.4828677464292,6,0,0,normal
9,4323.147666699789,6,0,1,normal
19,4759.540809261963,5,0,1,normal
9,2271.9112853926576,6,0,1,normal
20,659.1303382518536,3,0,0,normal
2,170451.78222894808,33,1,4,anomaly
14,2914.03729555285,7,0,0,normal
13,3466.203501608561,8,0,1,normal
17,2833.0025003389974,3,0,1,normal
0,186700.8785117946,48,1,6,anomaly
12,1703.8564607886021,1,0,0,normal
14,3581.966573763622,3,0,1,normal
15,3207.964976568041,7,0,1,normal
15,268.5994487439103,9,0,1,normal
21,1472.8071740024561,6,0,0,normal
12,2266.5675250401378,8,0,0,normal
20,4491.172439260435,2,0,1,normal
0,191075.5929319104,47,1,3,anomaly
20,177.3268493315391,4,0,1,normal
20,943.3483053020416,6,0,1,normal
3,108091.16171372621,42,0,3,anomaly
12,541.8992212368737,2,0,1,normal
8,4815.330099256384,3,0,1,normal
20,704.9676425903024,7,0,1,normal
11,789.2014608572899,9,1,0,normal
17,1488.5775210753905,8,0,0,normal
15,4473.815612201516,5,0,1,normal
1,151454.16018090863,23,1,4,anomaly
9,3058.7951343664486,8,0,0,normal
18,417.33361033264197,3,0,0,normal
1,109390.58392939248,34,1,4,anomaly
12,3251.7367784719186,2,0,0,normal
20,693.0592940433482,8,0,0,normal
10,3743.8158550144553,8,0,0,normal
17,4374.761346694155,4,0,0,normal
18,4074.727853954597,4,0,1,normal
4,159316.70816759713,32,1,8,anomaly
16,4498.877120640097,8,0,1,normal
15,702.7475915205566,6,0,0,normal
8,2342.33354113685,5,0,1,normal
11,1858.655792928996,6,0,0,normal
14,2853.7495275078695,4,0,0,normal
16,4444.852918546197,6,0,0,normal
19,1166.0417899033826,7,0,0,normal
18,3012.0429825301926,1,0,0,normal
21,4778.063242815124,3,0,1,normal
12,192.99042039837943,6,0,1,normal
13,2061.0320643354567,8,0,0,normal
20,4989.691211561354,7,0,0,normal
2,153396.56181540355,45,1,3,anomaly
13,2365.614056098896,3,0,1,normal
1,157207.82502530538,41,1,8,anomaly
9,913.074994020354,8,0,1,normal
16,100.98058755504454,7,0,0,normal
16,4613.271912074705,5,0,1,normal
9,852.985964730101,4,0,1,normal
8,192.38284256199344,7,0,0,normal
3,99702.83281044755,47,1,7,anomaly
20,4938.463359903269,3,0,1,normal
2,117760.92139721657,23,1,8,anomaly
16,597.5779036218042,5,0,0,normal
15,3037.508081450451,4,0,1,normal
18,3999.057890556123,7,0,0,normal
12,4225.46830830327,5,0,0,normal
17,1103.877796916641,9,0,1,normal
1,147314.80792390788,33,1,7,anomaly
11,4370.711487036951,2,0,1,normal
17,3133.1979684206754,3,0,0,normal
21,3450.7384876474903,7,0,1,normal
3,193184.88932882162,32,1,8,anomaly
12,3989.8199121795687,1,0,0,normal
13,1039.6052548449047,9,0,0,normal
1,144706.29890723765,48,1,3,anomaly
1,116305.01313966853,32,1,8,anomaly
13,1716.9879260923783,2,0,1,normal
2,77995.99096965238,21,1,3,anomaly
1,194521.99212114912,44,1,3,anomaly
1,103489.42639793085,24,1,5,anomaly
8,3401.4399406384186,9,0,1,normal
9,2248.981176886428,5,0,1,normal
9,4757.502677611218,6,0,1,normal
3,72714.8471554945,40,1,3,anomaly
3,171871.07315662573,22,1,5,anomaly
17,1243.6830612718534,6,0,1,normal
21,3403.902451083899,5,0,0,normal
10,1800.5641157762775,6,0,0,normal
11,3430.970783272567,2,0,1,normal
1,136547.2418626523,30,1,4,anomaly
21,1968.3010860389506,7,0,0,normal
17,4146.127995754221,2,0,1,normal
10,2499.451885722267,3,0,1,normal
0,88788.7386702176,47,0,9,anomaly
11,3093.057728604057,1,0,1,normal
18,3914.1035654507846,8,0,1,normal
20,3480.3813613824123,4,0,1,normal
2,101822.12805851686,35,1,9,anomaly
12,707.4641593651846,8,0,0,normal
10,4097.7524085396835,4,0,1,normal
4,121779.25548792839,46,1,5,anomaly
19,4396.800354735202,2,0,1,normal
16,2788.2468361395095,7,0,1,normal
10,3539.120785223859,4,0,0,normal
9,4501.115385756076,4,0,1,normal
15,4825.9422952158675,7,0,0,normal
21,1995.2994392382507,9,0,1,normal
21,466.99454589990444,7,0,0,normal
21,2955.251027676745,8,0,0,normal
8,3750.7626403971944,7,0,0,normal
17,4130.825585318165,5,0,1,normal
3,67732.79334366329,29,1,8,anomaly
12,375.24765960453374,8,0,1,normal
11,664.911939635114,6,0,0,normal
8,1219.6245647512503,6,0,1,normal
14,3739.879981287445,7,1,0,normal
15,4210.725596023777,2,0,0,normal
9,266.61480928640924,5,0,0,normal
1,69023.60338256283,21,1,7,anomaly
11,2718.194972304505,6,0,1,normal
2,137469.53286493753,29,1,8,anomaly
14,1073.3924730851656,5,0,1,normal
1,69248.87932831468,31,1,8,anomaly
21,4672.491403697384,2,0,0,normal
17,2468.1642890244193,9,0,1,normal
8,2620.0964695979055,2,0,0,normal
8,206.1675778070837,9,0,0,normal
13,4311.592828436674,4,0,1,normal
17,3196.244478843787,9,0,0,normal
10,1741.2964774621762,8,0,0,normal
17,3298.0304701316554,9,0,1,normal
20,2839.411142323472,4,0,1,normal
1,149758.39835099468,25,1,9,anomaly
20,161.63142788721592,8,0,0,normal
12,4394.363631912238,6,0,1,normal
8,4844.7004978756,2,1,0,normal
4,53140.11767400999,46,1,9,anomaly
1,94003.01321615148,30,1,5,anomaly
2,97365.9726874244,34,1,9,anomaly
9,4575.081046329819,1,1,1,normal
11,521.5235426734895,8,0,1,normal
10,1361.0159189863334,3,0,1,normal
10,1381.2821173851992,6,0,1,normal
10,1239.546145863143,1,0,1,normal
21,2876.6208347677602,5,0,1,normal
11,4635.90237853357,3,0,0,normal
16,1172.4677790206324,4,0,0,normal
15,1431.515780789995,1,0,1,normal
21,1191.9840892826655,3,0,0,normal
20,2198.6909417560564,1,0,1,normal
21,3471.4743066496285,9,0,0,normal
0,108761.36758434173,28,1,8,anomaly
3,103793.2372930387,26,1,4,anomaly
17,3279.6574833887184,8,0,1,normal
19,3976.0996482621476,3,0,1,normal
10,3826.76747509522,6,0,0,normal
12,137.95390837411406,1,0,0,normal
14,3843.6843351839457,9,0,1,normal
12,2603.672003294528,2,0,0,normal
16,1639.0419281375196,3,0,0,normal
4,76534.54262359759,21,1,3,anomaly
8,914.3530001666442,9,0,0,normal
9,4692.318879536979,3,0,0,normal
2,148953.54093957116,35,1,8,anomaly
19,913.9352541780547,1,0,0,normal
11,709.1647470745982,6,0,0,normal
18,2979.4388741942716,3,0,0,normal
12,2000.1256766755334,8,0,1,normal
17,4017.0992301849906,7,0,1,normal
1,145666.12127683873,38,1,7,anomaly
11,165.35907359371168,3,1,0,normal
18,3626.5861899285196,6,0,1,normal
20,766.8576498664283,1,0,0,normal
12,3166.783246738401,3,0,1,normal
16,4825.484284225898,6,0,0,normal
19,1691.110000937823,9,0,1,normal
19,1068.103751142051,5,0,0,normal
17,4233.796935755246,3,0,0,normal
10,3385.80179502846,7,0,1,normal
18,4491.290904309161,4,0,0,normal
19,917.8213711714029,9,0,0,normal
0,99041.15365050129,26,1,5,anomaly
15,165.6038439558105,8,0,0,normal
16,1450.2664606688763,8,0,1,normal
13,1153.964462210881,6,0,1,normal
11,4342.673689761161,3,0,0,normal
8,4016.2387085040773,2,0,0,normal
1,78490.42046863414,26,1,8,anomaly
10,839.7540100928362,6,0,0,normal
15,3199.208489699347,1,0,1,normal
16,3061.1566348188926,2,0,1,normal
9,1111.6403678159143,7,0,1,normal
11,4748.107912051634,5,0,0,normal
19,2862.3473204548004,6,0,1,normal
8,3901.4564345778153,6,0,0,normal
19,1291.3150729253346,4,0,1,normal
3,97237.76668833436,40,1,5,anomaly
10,4626.989103904172,7,0,1,normal
20,2371.3174343908704,2,0,0,normal
3,180786.95919207582,29,1,3,anomaly
19,4279.9253758503655,9,0,0,normal
17,2167.3506572025835,6,0,1,normal
20,58.75652862172646,5,0,0,normal
14,4031.902823378039,8,0,1,normal
18,132.68871312941954,2,1,0,normal
8,3419.643929266461,7,0,1,normal
4,182491.04021393356,32,0,9,anomaly
2,53853.446730411226,48,1,4,anomaly
20,1195.3411913701493,8,0,1,normal
10,1373.5650397210645,5,0,1,normal
1,132221.78040920332,22,1,9,anomaly
16,3619.8663673060387,1,0,1,normal
9,2157.226415548319,9,0,1,normal
12,4186.696508534724,1,0,1,normal
10,3900.126523098099,9,0,0,normal
0,166973.1326015102,44,1,5,anomaly
17,2968.7702748600987,1,0,1,normal
16,4360.199997295086,7,0,0,normal
3,142565.89166429843,21,1,7,anomaly
21,2404.579345316505,8,0,0,normal
21,1432.624891782297,4,1,0,normal
2,134587.93501334355,35,1,5,anomaly
12,2480.7811697997317,5,0,1,normal
14,2636.749278071205,3,0,1,normal
17,3526.3570060558673,8,0,1,normal
17,250.57807391417458,4,0,1,normal
2,94373.6146244804,40,1,7,anomaly
19,3472.802737890829,5,1,1,normal
13,3598.039066869385,7,0,1,normal
10,906.6187132625074,2,0,1,normal
11,4342.029849343752,3,0,1,normal
20,4684.780399230543,4,0,0,normal
20,1295.8376136709562,3,0,0,normal
4,155091.72445916774,30,1,9,anomaly
0,71492.21880539616,49,1,9,anomaly
20,421.0814176230551,1,0,0,normal
14,3442.5497542810585,9,0,1,normal
18,2073.610016611504,5,0,0,normal
11,3535.313875169637,2,0,0,normal
14,2463.05678823977,2,0,0,normal
15,410.36639085159464,2,0,0,normal
20,1802.5745133048308,6,0,0,normal
8,1677.8770151766346,6,0,1,normal
13,1927.7899693268116,6,0,1,normal
3,62758.45782338617,40,0,8,anomaly
2,65515.11722907251,49,1,5,anomaly
14,1712.8266598545201,9,0,0,normal
11,3629.0357254715314,3,0,1,normal
16,3988.503875239973,7,0,1,normal
8,1280.6568672711817,4,0,0,normal
2,70186.44006561616,43,0,8,anomaly
19,4369.157334292819,2,0,0,normal
1,57562.51604033138,24,0,9,anomaly
18,2126.412049798906,2,0,1,normal
21,885.1026803310134,2,0,0,normal
13,2626.707443944624,8,0,0,normal
19,1368.0042347775138,3,0,0,normal
14,1784.8068551600961,3,0,1,normal
21,4162.349548009132,2,0,1,normal
4,137407.16740170223,37,1,6,anomaly
8,763.7788799866921,4,0,1,normal
13,1161.042360471616,8,0,0,normal
16,1353.523722437411,5,0,0,normal
12,648.9487363992845,2,0,1,normal
3,88172.19974273903,31,1,5,anomaly
14,1201.4979573838286,8,0,1,normal
12,4572.915610165549,9,0,0,normal
18,1565.4931182997857,5,0,1,normal
17,3404.3389297321437,4,0,0,normal
21,775.2235015492402,2,0,0,normal
10,666.5227487850265,4,0,0,normal
2,86044.868517555,30,1,6,anomaly
20,4345.835872548804,7,0,1,normal
12,1347.6375677061526,5,0,0,normal
17,3450.430195994956,3,0,0,normal
13,4731.116156046827,2,0,1,normal
3,194795.40854455996,23,1,5,anomaly
18,4146.28821601188,9,0,1,normal
16,2274.40981150436,4,0,0,normal
10,4805.740884172581,1,1,1,normal
15,2264.3207168987733,7,0,0,normal
12,758.0879624703812,5,0,1,normal
12,4387.23069865741,2,0,1,normal
12,2711.0687131523414,5,0,1,normal
18,1318.697581056127,6,0,0,normal
13,1217.804629154012,8,0,0,normal
1,87846.78906045307,32,1,6,anomaly
20,2966.114845450993,6,0,0,normal
2,125041.78028116404,33,1,8,anomaly
0,101143.78571533374,28,0,5,anomaly
0,142875.91030487552,36,0,7,anomaly
19,3209.3266880976335,2,0,1,normal
19,2522.0521815657357,1,0,0,normal
8,210.14486514828758,9,0,0,normal
18,2093.7280711667927,4,0,0,normal
3,121612.42842205305,44,1,8,anomaly
17,772.7671045298168,5,0,1,normal
12,3694.8615541641193,1,0,0,normal
13,2408.1270208599735,2,0,1,normal
14,4336.487165651019,8,0,0,normal
15,2599.0019050591,1,0,1,normal
15,653.1098123341396,5,0,0,normal
8,1223.4292330872759,2,0,0,normal
9,3173.6884584670606,6,0,0,normal
19,3019.729026237277,2,0,1,normal
17,2318.772130491336,3,0,1,normal
21,2660.53594472515,8,0,0,normal
12,4484.974165430999,7,0,0,normal
14,4754.809175629548,2,0,0,normal
0,111841.95917474983,31,1,6,anomaly
12,2378.408069991571,2,0,0,normal
14,4257.522501103355,5,0,0,normal
2,67271.92675928018,22,1,9,anomaly
21,1352.2770881311374,6,0,1,normal
13,3055.565578721483,5,0,0,normal
11,3722.291999937658,4,0,0,normal
21,3169.4253642141716,8,1,0,normal
21,207.69793848830216,9,0,1,normal
12,4724.2127912341375,9,0,1,normal
4,116615.5335359928,26,1,3,anomaly
20,4351.79338076564,5,1,1,normal
12,2279.151879612957,9,0,1,normal
19,806.1279537648098,4,0,1,normal
9,1738.2665118861466,2,0,0,normal
9,2375.068584911733,8,0,0,normal
8,611.6287600286213,2,0,0,normal
14,344.71162216825314,4,0,0,normal
17,2700.41477060952,2,0,1,normal
8,3692.7877459675883,1,0,0,normal
16,2968.8247486602877,8,1,0,normal
10,4742.782001741162,6,0,0,normal
10,3638.573658133877,4,0,1,normal
8,326.24110265911105,2,0,0,normal
18,893.9774493424557,1,0,1,normal
4,85061.11880551164,47,1,9,anomaly
11,4932.711091476968,2,0,1,normal
19,2112.9085074565646,3,0,0,normal
20,2702.0615489529328,5,0,1,normal
14,3056.994011783747,3,0,0,normal
3,139019.20740570856,42,1,6,anomaly
2,144859.4384698263,20,1,5,anomaly
2,96165.63579397237,41,1,6,anomaly
11,706.8597612340014,1,0,0,normal
1,56236.84397698907,36,1,9,anomaly
